企业名称,主页链接,年限,地址,交易数,主营业务
黄骅市安信电器有限公司,https://anxindianaq.1688.com/page/contactinfo.htm,15年,河北沧州,"近90天成交笔数
7
回头率
0%
综合服务分
3",冬季电器 | 两季电器配件
济南孚威石墨烯科技有限公司,https://dj.1688.com/ci_bb?a=329955656&e=MEgrlL-iygmOBBJxni.DOd.86TQ0MeAaD-tR2plhzIbETNitBaFEr4M.rRv2CFXaIGrel44cplzip6FKYBsXZoohbj4sPt6-jQ4hnTujPbHyMCU1OwdNj.oNdiNUTzwUd-eDVNuwQW1t2mjHGJnkfcxWAKFzwjgfN6HhYStQWsiz8iUkGkDAdvr7eyI6XvelpItr9e2.xJLYBshhSLyHOUB1gMUX3Bgia.Um8OI.qt.k29TZiMVjtU1ftX-ds5aBbj68zztDm.BKZCFJF7xnmorhArOArmzoACKnjL0mZvgteGN2ZgWu-UMd6hvCaOzd1QFMCRaC4fRabbp8u6IaFzCllQ1gp0BqwQYjTtOYs57MbwQffWHpU8XEH6uMoumCzAwXiJgDftx2wvbAAvvJrPwbOErevsLX95cFi2o1xe9G8dco46RLmcfWgmfsep45BpLZBGMnUvyPe.EKQNja8LF8SOp462Rwy6sJxAvCEa8-vebRCOhuFr19fNoeGFIofrDBaklSxzZpRyKYRwJhs40sfcdOzY0BcoCAxq4AJXJSgS9N4wVpWszOgcc-srk5Vf9UqXtBYi76ZV1x6TOmiIeTLHpvcBUUg84PFglJ5xgRemokSs5LMPSJ3Nk20JiJjs6fiMxm0XbZuBCB0M71.qnSCfM8nDdvTJK5K6fq.NjFWrDxxrKjZWC91Qgyry-TAK-CqNuGI1Dt4yZH.7O.h9ivmVQT.Gt1Sr6g1x09GKvjEeiV-BSiYNK3iBmx.CdcJO51NkStK52qxg4gE5pR8DGXSib2fQUYxm2un-OSokpC5uM-6mSTLRD5RXXnr.LVPSCYDdD6DZfhoPps7n7BbHnDz5MuPGB.0fje4Pb3DEVVERp4QRj0d3KM3M5U5xd7hwU6YO.-jQR9JiSr-zbBUNaL1Lda6JyMngZwn9-RkkoB5WrDsUsAVlP40Er4TafMm4MwU2yYEB2gmTpH97UtmJ2tAvEWMvGfHO5Ok9zX0X-f2vIVs2YaJGh-mPxXykyL0h48YE26zWM_&v=4&ap=1&rp=1&url=https%3A%2F%2Fhanzhengpifa.1688.com&t=1625569107655page/contactinfo.htm,12年,山东济南,"近90天成交笔数
101
回头率
17%
厂房面积
7000m²
员工人数
11-50人",电热膜 | 电热板 | 电热片
宁波拓瑞电器科技有限公司,https://dj.1688.com/ci_bb?a=329955656&e=MEgrlL-iygmOBBJxni.DOd.86TQ0MeAaD-tR2plhzIbETNitBaFEr4M.rRv2CFXaIGrel44cplzip6FKYBsXZoohbj4sPt6-jQ4hnTujPbHyMCU1OwdNj.oNdiNUTzwUd-eDVNuwQW1t2mjHGJnkfcxWAKFzwjgfN6HhYStQWsiz8iUkGkDAdvr7eyI6XvelpItr9e2.xJLYBshhSLyHOUB1gMUX3Bgia.Um8OI.qt.k29TZiMVjtU1ftX-ds5aBbj68zztDm.BKZCFJF7xnmorhArOArmzoACKnjL0mZvgteGN2ZgWu-UMd6hvCaOzd1QFMCRaC4fRabbp8u6IaFzCllQ1gp0BqwQYjTtOYs57MbwQffWHpU8XEH6uMoumCzAwXiJgDftx2wvbAAvvJrPwbOErevsLX95cFi2o1xe9G8dco46RLmcfWgmfsep45BpLZBGMnUvyPe.EKQNja8LF8SOp462Rwy6sJxAvCEa8-vebRCOhuFr19fNoeGFIofrDBaklSxzZpRyKYRwJhs40sfcdOzY0BcoCAxq4AJXJSgS9N4wVpWszOgcc-srk5Vf9UqXtBYi76ZV1x6TOmiIeTLHpvcBUUg84PFglJ5xgRemokSs5LMPSJ3Nk20JiJjs6fiMxm0XbZuBCB0M71.qnSCfM8nDdvTJK5K6fq.NjFWrDxxrKjZWC91Qgyry-TAK-CqNuGI1Dt4yZH.7O.h9ivmVQT.Gt1Sr6g1x09GKvjEeiV-BSiYNK3iBmx.CdcJO51NkStK52qxg4gE5pR8DGXSib2fQUYxm2un-OSokpC5uM-6mSTLRD5RXXnr.LVPSCYDdD6DZfhoPps7n7BbHnDz5MuPGB.0fje4Pb3DEVVERp4QRj0d3KM3M5U5xd7hwU6YO.-jQR9JiSr-zbBUNaL1Lda6JyMngZwn9-RkkoB5WrDsUsAVlP40Er4TafMm4MwU2yYEB2gmTpH97UtmJ2tAvEWMvGfHO5Ok9zX0X-f2vIVs2YaJGh-mPxXykyL0h48YE26zWM_&v=4&ap=1&rp=1&url=https%3A%2F%2Fnbtuorui.1688.com&t=1625569107655page/contactinfo.htm,4年,浙江宁波,"近90天成交笔数
41
回头率
24%
综合服务分
4",冬季电器 | 家用电炸锅
宁波远游电器有限公司,https://dj.1688.com/ci_bb?a=329955656&e=MEgrlL-iygmOBBJxni.DOd.86TQ0MeAaD-tR2plhzIbETNitBaFEr4M.rRv2CFXaIGrel44cplzip6FKYBsXZoohbj4sPt6-jQ4hnTujPbHyMCU1OwdNj.oNdiNUTzwUd-eDVNuwQW1t2mjHGJnkfcxWAKFzwjgfN6HhYStQWsiz8iUkGkDAdvr7eyI6XvelpItr9e2.xJLYBshhSLyHOUB1gMUX3Bgia.Um8OI.qt.k29TZiMVjtU1ftX-ds5aBbj68zztDm.BKZCFJF7xnmorhArOArmzoACKnjL0mZvgteGN2ZgWu-UMd6hvCaOzd1QFMCRaC4fRabbp8u6IaFzCllQ1gp0BqwQYjTtOYs57MbwQffWHpU8XEH6uMoumCzAwXiJgDftx2wvbAAvvJrPwbOErevsLX95cFi2o1xe9G8dco46RLmcfWgmfsep45BpLZBGMnUvyPe.EKQNja8LF8SOp462Rwy6sJxAvCEa8-vebRCOhuFr19fNoeGFIofrDBaklSxzZpRyKYRwJhs40sfcdOzY0BcoCAxq4AJXJSgS9N4wVpWszOgcc-srk5Vf9UqXtBYi76ZV1x6TOmiIeTLHpvcBUUg84PFglJ5xgRemokSs5LMPSJ3Nk20JiJjs6fiMxm0XbZuBCB0M71.qnSCfM8nDdvTJK5K6fq.NjFWrDxxrKjZWC91Qgyry-TAK-CqNuGI1Dt4yZH.7O.h9ivmVQT.Gt1Sr6g1x09GKvjEeiV-BSiYNK3iBmx.CdcJO51NkStK52qxg4gE5pR8DGXSib2fQUYxm2un-OSokpC5uM-6mSTLRD5RXXnr.LVPSCYDdD6DZfhoPps7n7BbHnDz5MuPGB.0fje4Pb3DEVVERp4QRj0d3KM3M5U5xd7hwU6YO.-jQR9JiSr-zbBUNaL1Lda6JyMngZwn9-RkkoB5WrDsUsAVlP40Er4TafMm4MwU2yYEB2gmTpH97UtmJ2tAvEWMvGfHO5Ok9zX0X-f2vIVs2YaJGh-mPxXykyL0h48YE26zWM_&v=4&ap=1&rp=1&url=https%3A%2F%2Fjisongsj.1688.com&t=1625569107655page/contactinfo.htm,10年,浙江宁波,"近90天成交笔数
381
回头率
36%
综合服务分
3.5",夏季电器 | 冬季电器
东莞市富士艾电器科技有限公司,https://fushiai.1688.com/page/contactinfo.htm,3年,广东东莞,"近90天成交笔数
94
回头率
11%
厂房面积
7436m²
员工人数
51-100人",电风扇 | 夏季电器 | 冬季电器
沧县宝盛电器设备厂,https://shop1399914025032.1688.com/page/contactinfo.htm,8年,河北沧州,"近90天成交笔数
26
回头率
26%
综合服务分
3",冬季电器 | 家用采暖炉
山东暖康新能源科技有限公司,https://shop1410248201821.1688.com/page/contactinfo.htm,7年,山东德州,"近90天成交笔数
2
回头率
0%
厂房面积
3000m²
员工人数
11-50人",电热线 | 冬季电器 | 电热板
沧县科邦电器设备厂,https://shop1433956319301.1688.com/page/contactinfo.htm,7年,河北沧州,"近90天成交笔数
9
回头率
29%
综合服务分
3",电热锅炉 | 冬季电器
沧州沃盛源节能电器设备有限公司,https://wsydcn.1688.com/page/contactinfo.htm,6年,河北沧州,"近90天成交笔数
6
回头率
50%
厂房面积
800m²
员工人数
11-50人",其他取暖电器 | 冬季电器
河北环诺节能科技有限公司,https://hnjnkj.1688.com/page/contactinfo.htm,9年,河北沧州,"近90天成交笔数
31
回头率
15%
综合服务分
4.5",冬季电器 | 其他取暖电器
沧县凌飞电器设备有限公司,https://shop12l173s264520.1688.com/page/contactinfo.htm,1年,河北沧州,"近90天成交笔数
8
回头率
0%
综合服务分
3.5",冬季电器
沧州科沃斯电器设备有限公司,https://kewosidianqi.1688.com/page/contactinfo.htm,4年,河北沧州,"近90天成交笔数
4
回头率
0%
综合服务分
4.5",电热板 | 其他取暖电器
沧州众诚采暖设备有限公司,https://czzhongcheng.1688.com/page/contactinfo.htm,5年,河北沧州,"近90天成交笔数
13
回头率
0%
综合服务分
3",其他取暖电器 | 家用采暖炉
东莞市科荣环境电器制造有限公司,https://shop37k6425865i85.1688.com/page/contactinfo.htm,2年,广东东莞,"近90天成交笔数
3
回头率
0%
综合服务分
3",冬季电器 | 电热膜 | 电热板
沧州鑫丰采暖电器有限公司,https://shop535888g85i5i0.1688.com/page/contactinfo.htm,4年,河北沧州,"近90天成交笔数
1
回头率
0%
综合服务分
3",其他取暖电器 | 电热锅炉
山东贾克斯电器有限公司,https://sdjksdq.1688.com/page/contactinfo.htm,2年,山东淄博,"近90天成交笔数
5
回头率
0%
综合服务分
3",冬季电器
慈溪市韩雀电器有限公司,https://18058564676.1688.com/page/contactinfo.htm,7年,浙江宁波,"近90天成交笔数
14215
回头率
18%
厂房面积
3800m²
员工人数
11-50人",冬季电器 | 电风扇 | 空调扇
山东国磊环保科技有限公司,https://guoleihb.1688.com/page/contactinfo.htm,2年,山东泰安,"近90天成交笔数
8
回头率
17%
综合服务分
3",其他取暖电器 | 暖脚器
中山市益佳电器有限公司,https://shop3000212i60441.1688.com/page/contactinfo.htm,4年,广东中山,"近90天成交笔数
13
回头率
33%
厂房面积
13530m²
员工人数
101-500人",冬季电器 | 其他夏季电器
慈溪市威玛电子科技有限公司,https://shop1400473419989.1688.com/page/contactinfo.htm,8年,浙江宁波,"近90天成交笔数
2
回头率
0%
综合服务分
3",冬季电器 | 蒸汽拖把
河北华裕能翔电器科技有限公司,https://zqgfsb.1688.com/page/contactinfo.htm,5年,河北沧州,"近90天成交笔数
23
回头率
21%
综合服务分
4",其他取暖电器 | 冬季电器
天津市天辰海润散热器有限责任公司,https://shop1445360131714.1688.com/page/contactinfo.htm,6年,天津天津,"近90天成交笔数
0
回头率
0%
综合服务分
3",其他取暖电器 | 家用电器加工
江苏智先生电器有限公司,https://byecold.1688.com/page/contactinfo.htm,4年,江苏徐州,"近90天成交笔数
0
回头率
0%
综合服务分
3",其他取暖电器 | 浴室镜 | 电热板
沧州暖之源环保采暖设备有限公司,https://shop449u385z39449.1688.com/page/contactinfo.htm,4年,河北沧州,"近90天成交笔数
13
回头率
100%
综合服务分
3",冬季电器 | 家用采暖炉
河北广超电子科技有限公司,https://lianbei.1688.com/page/contactinfo.htm,2年,河北石家庄,"近90天成交笔数
2
回头率
0%
综合服务分
3",其他取暖电器 | 冬季电器
宁波卡帝亚电器有限公司,https://nbkadeer.1688.com/page/contactinfo.htm,7年,浙江宁波,"近90天成交笔数
8766
回头率
35%
厂房面积
40880m²
员工人数
101-500人",空调扇 | 冬季电器 | 电风扇
佛山市顺德区九星电器科技有限公司,https://josintech.1688.com/page/contactinfo.htm,8年,广东佛山,"近90天成交笔数
6
回头率
0%
综合服务分
3",电风扇 | 冬季电器 | 夏季电器
宁波有铭电器有限公司,https://shop3xr6270039375.1688.com/page/contactinfo.htm,1年,浙江宁波,"近90天成交笔数
0
回头率
0%
综合服务分
3",空气净化器 | 冬季电器 | 电风扇
浙江芝博科技有限公司,https://zoboheater.1688.com/page/contactinfo.htm,7年,浙江金华,"近90天成交笔数
32
回头率
16%
综合服务分
3",冬季电器 | 热风炉 | 燃烧器
衡水康博采暖设备有限公司,https://shop014mq482626s5.1688.com/page/contactinfo.htm,2年,河北衡水,"近90天成交笔数
1
回头率
0%
综合服务分
3",-
枣强县暖尔美散热器厂,https://shop7uu7x64415239.1688.com/page/contactinfo.htm,2年,河北衡水,"近90天成交笔数
7
回头率
0%
综合服务分
3",-
义乌市轩林电器有限公司,https://shop6mj3225178n10.1688.com/page/contactinfo.htm,1年,浙江金华,"近90天成交笔数
379
回头率
33%
综合服务分
4",电火锅 | 冬季电器 | 电烧烤炉
佛山市顺德区安宝力电器有限公司,https://anbree.1688.com/page/contactinfo.htm,11年,广东佛山,"近90天成交笔数
193
回头率
16%
厂房面积
700m²
员工人数
11-50人",电热水袋 | 夏季电器
麦克西姆(威海)新能源科技有限公司,https://maikeximu.1688.com/page/contactinfo.htm,1年,山东威海,"近90天成交笔数
0
回头率
0%
综合服务分
3",家具五金 | 脚轮
慈溪市百林电器厂（普通合伙）,https://ao2007.1688.com/page/contactinfo.htm,7年,浙江宁波,"近90天成交笔数
619
回头率
24%
综合服务分
4.5",电热水龙头 | 冬季电器 | 垃圾桶
山西丹帝散热器制造有限公司,https://sxxdsrq.1688.com/page/contactinfo.htm,13年,山西太原,"近90天成交笔数
18
回头率
13%
综合服务分
4",-
宁波卓华电器有限公司,https://jingchuang.1688.com/page/contactinfo.htm,7年,浙江宁波,"近90天成交笔数
416
回头率
42%
综合服务分
5",冬季电器 | 品质生活 | 干衣机
沧州羿隆电器有限公司,https://shop19680y5h8h980.1688.com/page/contactinfo.htm,4年,河北沧州,"近90天成交笔数
3
回头率
0%
综合服务分
3",家用采暖炉 | 其他取暖电器
慈溪市云泽电器厂,https://welven.1688.com/page/contactinfo.htm,12年,浙江宁波,"近90天成交笔数
5206
回头率
20%
综合服务分
5",电风扇 | 冬季电器
深圳市宝安区熙润工艺制品厂,https://xirungongyi.1688.com/page/contactinfo.htm,2年,广东深圳,"近90天成交笔数
171
回头率
31%
综合服务分
4",加湿器 | 冬季电器 | 夏季电器
慈溪欣轮电器有限公司,https://shop5350928255y65.1688.com/page/contactinfo.htm,3年,浙江宁波,"近90天成交笔数
41
回头率
26%
综合服务分
4.5",冬季电器 | 空调扇 | 迷你电风扇
慈溪市喜红电器有限公司,https://shop560229il00799.1688.com/page/contactinfo.htm,1年,浙江宁波,"近90天成交笔数
2435
回头率
13%
综合服务分
4.5",电风扇 | 冬季电器
东莞市美漾环保科技有限公司,https://shop0957j3j909m72.1688.com/page/contactinfo.htm,2年,广东东莞,"近90天成交笔数
43
回头率
28%
综合服务分
3",冬季电器 | 空气净化器
沧州时代奥暖电器有限公司,https://shop387168886e021.1688.com/page/contactinfo.htm,1年,河北沧州,"近90天成交笔数
9
回头率
13%
综合服务分
3",节电设备 | 冬季电器
沧州暖圣泰电器有限公司,https://cznstdq.1688.com/page/contactinfo.htm,5年,河北沧州,"近90天成交笔数
1
回头率
0%
综合服务分
3",其他取暖电器 | 家用采暖炉
佛山市菲斯格瑞电器科技有限公司,https://physgreen.1688.com/page/contactinfo.htm,2年,广东佛山,"近90天成交笔数
1
回头率
0%
综合服务分
3",冬季电器 | 其他取暖电器
桓台县起凤镇金城散热器厂,https://htjincheng.1688.com/page/contactinfo.htm,12年,山东淄博,"近90天成交笔数
7
回头率
0%
厂房面积
1000m²
员工人数
11-50人",-
沧州富东商贸有限公司,https://czfdsm.1688.com/page/contactinfo.htm,1年,河北沧州,"近90天成交笔数
3
回头率
0%
综合服务分
3",其他取暖电器 | 冬季电器
东莞市百斯科实业有限公司,https://shop37i6515u55947.1688.com/page/contactinfo.htm,1年,广东东莞,"近90天成交笔数
221
回头率
22%
厂房面积
7072m²
员工人数
101-500人",移动电源 | 迷你电风扇
深圳市汇奇美科技有限公司,https://huiqimei666.1688.com/page/contactinfo.htm,6年,广东深圳,"近90天成交笔数
327
回头率
25%
厂房面积
2300m²
员工人数
51-100人",迷你电风扇 | 加湿器 | 冬季电器
任丘市同兴电子有限公司,https://shop1467391334324.1688.com/page/contactinfo.htm,5年,河北沧州,"近90天成交笔数
9
回头率
13%
综合服务分
3",水暖毯 | 抱枕被
慈溪市天池净水设备有限公司,https://shop852a9y0828q03.1688.com/page/contactinfo.htm,5年,浙江宁波,"近90天成交笔数
653
回头率
13%
综合服务分
5",冬季电器 | 空调扇 | 电风扇
冀州区飞捷暖气片厂,https://shop32scz90121945.1688.com/page/contactinfo.htm,3年,河北衡水,"近90天成交笔数
24
回头率
14%
厂房面积
600m²
员工人数
10人以下",-
河北跃春暖气片有限公司,https://smssnqp.1688.com/page/contactinfo.htm,2年,河北衡水,"近90天成交笔数
12
回头率
50%
综合服务分
3",-
佛山市甘之怡电器有限公司,https://shop1433782742223.1688.com/page/contactinfo.htm,7年,广东佛山,"近90天成交笔数
104
回头率
33%
厂房面积
1300m²
员工人数
10人以下",空调 | 冬季电器 | 配件
揭阳市三问家居用品有限公司,https://shop36382t7388968.1688.com/page/contactinfo.htm,1年,广东揭阳,"近90天成交笔数
629
回头率
17%
综合服务分
4",冬季电器 | 夏季电器
山东普朗克电器有限公司,https://pulangk.1688.com/page/contactinfo.htm,11年,山东菏泽,"近90天成交笔数
0
回头率
0%
综合服务分
3",冬季电器
中山市世耀智能科技有限公司,https://shop933v950258450.1688.com/page/contactinfo.htm,1年,广东中山,"近90天成交笔数
2
回头率
100%
综合服务分
3",电风扇 | 冬季电器 | 植物生长灯
永康市烨华工贸有限公司,https://ykyhgm.1688.com/page/contactinfo.htm,6年,浙江金华,"近90天成交笔数
8547
回头率
32%
综合服务分
4.5",冬季电器 | 电风扇 | 空调扇
宁波吉毅电器有限公司,https://nbjydqyxgs.1688.com/page/contactinfo.htm,9年,浙江宁波,"近90天成交笔数
28
回头率
11%
综合服务分
3",冬季电器 | 其他取暖电器
东莞市汇尔嘉科技有限公司,https://shop7871t62u85352.1688.com/page/contactinfo.htm,1年,广东东莞,"近90天成交笔数
11
回头率
0%
综合服务分
4.5",厨房净水 | 冬季电器 | 空调扇
潍坊市明辉暖通设备有限公司,https://dongfeiersanreqi.1688.com/page/contactinfo.htm,2年,山东潍坊,"近90天成交笔数
9
回头率
0%
综合服务分
3",调节阀
慈溪市九都电器厂,https://shop6g0367687q4g5.1688.com/page/contactinfo.htm,3年,浙江宁波,"近90天成交笔数
4085
回头率
20%
综合服务分
4.5",冬季电器 | 电风扇 | USB风扇
揭阳空港经济区京冈兴胜电器厂,https://jyxsrs.1688.com/page/contactinfo.htm,3年,广东揭阳,"近90天成交笔数
911
回头率
28%
厂房面积
1100m²
员工人数
11-50人",电吹风 | 夏季电器 | 冬季电器
佛山市土拨鼠智能科技有限公司,https://aimros.1688.com/page/contactinfo.htm,2年,广东佛山,"近90天成交笔数
22
回头率
0%
综合服务分
3",冬季电器
沧州家馨暖力电器设备有限公司,https://jiaxinnuanli.1688.com/page/contactinfo.htm,2年,河北沧州,"近90天成交笔数
0
回头率
0%
综合服务分
3",其他取暖电器 | 电热锅炉 | 封头
宁波彩熊科技有限公司,https://shop4891160z26482.1688.com/page/contactinfo.htm,1年,浙江宁波,"近90天成交笔数
0
回头率
0%
综合服务分
3",冬季电器 | 夏季电器
慈溪市艾屹电器商行,https://shop7s6170y239856.1688.com/page/contactinfo.htm,3年,浙江宁波,"近90天成交笔数
2
回头率
100%
综合服务分
3",冬季电器 | 空调扇 | 无叶扇
揭阳空港经济区美欧格电器厂,https://shop119446b639185.1688.com/page/contactinfo.htm,1年,广东揭阳,"近90天成交笔数
7706
回头率
16%
综合服务分
4.5",夏季电器 | 迷你电风扇
浙江享乐贸易有限公司,https://shop7955158y59037.1688.com/page/contactinfo.htm,4年,浙江宁波,"近90天成交笔数
620
回头率
13%
综合服务分
4.5",冬季电器 | 电风扇 | 家用电炸锅
冀州区诺德采暖设备厂,https://jzaosidun.1688.com/page/contactinfo.htm,7年,河北衡水,"近90天成交笔数
15
回头率
0%
综合服务分
3",冬季电器
山东中仁智能装备有限公司,https://shop5134268x74795.1688.com/page/contactinfo.htm,2年,山东潍坊,"近90天成交笔数
214
回头率
25%
综合服务分
4.5",热风炉 | 农业用具
山东中仁智能装备有限公司,https://shop5134268x74795.1688.com/page/contactinfo.htm,2年,山东潍坊,"近90天成交笔数
214
回头率
25%
综合服务分
4.5",热风炉 | 农业用具
佛山市南海森湖光电科技有限公司,https://shop979972q085320.1688.com/page/contactinfo.htm,8年,广东佛山,"近90天成交笔数
0
回头率
0%
综合服务分
3",其他取暖电器
山东未蓝环保设备有限公司,https://shop3j0154246j081.1688.com/page/contactinfo.htm,2年,山东聊城,"近90天成交笔数
0
回头率
0%
综合服务分
3",家用采暖炉 | 其他取暖电器
慈溪市莫格电器科技有限公司,https://shop246p5604p5067.1688.com/page/contactinfo.htm,3年,浙江宁波,"近90天成交笔数
171
回头率
34%
厂房面积
10667m²
员工人数
11-50人",冬季电器 | 家居清洁
昌邑市围子镇三合铸造厂,https://cyshzz88.1688.com/page/contactinfo.htm,11年,山东潍坊,"近90天成交笔数
17
回头率
83%
综合服务分
3",井盖 | 盖板及沟盖
深圳市鑫启丰科技有限公司,https://shop51t55o36233i7.1688.com/page/contactinfo.htm,1年,广东深圳,"近90天成交笔数
30
回头率
17%
综合服务分
4",家用扫地机 | 迷你电风扇
宁波市洛珂斯电器有限公司,https://shop2918b367740z7.1688.com/page/contactinfo.htm,2年,浙江宁波,"近90天成交笔数
338
回头率
13%
综合服务分
4.5",冬季电器 | 空调扇 | 电风扇
沧州美嘉电器有限公司,https://czmjdq.1688.com/page/contactinfo.htm,7年,河北沧州,"近90天成交笔数
24
回头率
67%
综合服务分
4.5",电热锅炉 | 家用采暖炉
广州白云区德诚电器厂,https://shop16007126z20q2.1688.com/page/contactinfo.htm,3年,广东广州,"近90天成交笔数
688
回头率
19%
厂房面积
280m²
员工人数
11-50人",夏季电器 | 冬季电器
沧州兴晟采暖设备有限公司,https://shop1418230043558.1688.com/page/contactinfo.htm,7年,河北沧州,"近90天成交笔数
6
回头率
50%
综合服务分
3",其他取暖电器 | 家用采暖炉
山东未蓝环保设备有限公司,https://shop3j0154246j081.1688.com/page/contactinfo.htm,2年,山东聊城,"近90天成交笔数
0
回头率
0%
综合服务分
3",家用采暖炉 | 其他取暖电器
慈溪市附海小飞鹅电器厂,https://xiaofeie.1688.com/page/contactinfo.htm,4年,浙江宁波,"近90天成交笔数
59
回头率
5%
综合服务分
4",挂烫机 | 冬季电器 | 家用电炸锅
淮安市朤晨六月家居工艺品有限公司,https://shop051531m995828.1688.com/page/contactinfo.htm,2年,江苏淮安,"近90天成交笔数
357
回头率
31%
厂房面积
320m²
员工人数
11-50人",发热垫 | 鼠标垫 | 其他居家日用
慈溪市小华电器厂,https://shop8625243t8z015.1688.com/page/contactinfo.htm,2年,浙江宁波,"近90天成交笔数
1713
回头率
16%
厂房面积
600m²
员工人数
10人以下",足浴电器 | 冬季电器 | 电风扇
揭阳空港区鸿亿电器厂,https://shop155h0656d3589.1688.com/page/contactinfo.htm,3年,广东揭阳,"近90天成交笔数
4328
回头率
18%
厂房面积
1191m²
员工人数
11-50人",电吹风 | 夏季电器 | 冬季电器
广东赛阳控股集团有限公司,https://qdykdcn.1688.com/page/contactinfo.htm,7年,广东中山,"近90天成交笔数
1
回头率
0%
综合服务分
3",冬季电器 | 其他取暖电器
宁波澳德斯电器有限公司,https://nbaods.1688.com/page/contactinfo.htm,5年,浙江宁波,"近90天成交笔数
0
回头率
0%
综合服务分
3",电热板 | 其他取暖电器 | 电热片
佛山市展帆电器科技有限公司,https://shop73859vyy13067.1688.com/page/contactinfo.htm,4年,广东佛山,"近90天成交笔数
0
回头率
0%
综合服务分
3",冬季电器 | 其他取暖电器
慈溪市德胜电器厂,https://desdq.1688.com/page/contactinfo.htm,2年,浙江宁波,"近90天成交笔数
816
回头率
8%
综合服务分
4.5",挂烫机 | 冬季电器 | 品质生活
温州宝捷电器有限公司,https://bjdianqi.1688.com/page/contactinfo.htm,6年,浙江温州,"近90天成交笔数
8
回头率
17%
综合服务分
3",热风炉 | 冬季电器
青州瑞安温控设备有限公司,https://ruianwenkong.1688.com/page/contactinfo.htm,5年,山东潍坊,"近90天成交笔数
28
回头率
24%
厂房面积
1012m²
员工人数
10人以下",农业用具 | 热风炉
河北捷弗维供暖设备有限公司,https://shop0656t1470p719.1688.com/page/contactinfo.htm,3年,河北衡水,"近90天成交笔数
11
回头率
43%
综合服务分
3",家用采暖炉
中山市矩牛电器有限公司,https://juniudianqi.1688.com/page/contactinfo.htm,5年,广东中山,"近90天成交笔数
178
回头率
18%
综合服务分
4.5",冬季电器 | 电风扇 | 家用电炸锅
揭阳空港区溪南百潮电器厂,https://shop561120z65w508.1688.com/page/contactinfo.htm,1年,广东揭阳,"近90天成交笔数
602
回头率
26%
综合服务分
4.5",夏季电器 | 电吹风 | 冬季电器
成都康宁佳智能家居有限公司,https://shop1480741638576.1688.com/page/contactinfo.htm,4年,四川成都,"近90天成交笔数
5
回头率
0%
综合服务分
3",干衣机 | 冬季电器
揭阳空港经济区恩乐达电器厂,https://eldjieyi.1688.com/page/contactinfo.htm,10年,广东揭阳,"近90天成交笔数
210
回头率
18%
厂房面积
1200m²
员工人数
11-50人",电吹风 | 夏季电器 | 冬季电器
揭阳空港经济区盛发电器厂,https://shop3457896891x87.1688.com/page/contactinfo.htm,1年,广东揭阳,"近90天成交笔数
43
回头率
33%
综合服务分
4",夏季电器 | 其他生活电器
小斗（深圳）科技有限公司,https://xiaodou.1688.com/page/contactinfo.htm,3年,广东深圳,"近90天成交笔数
284
回头率
27%
综合服务分
4",冬季电器 | 暖手宝 | 按摩足疗机
泰安市宏力伟业能源设备有限公司,https://tahongliwy.1688.com/page/contactinfo.htm,9年,山东泰安,"近90天成交笔数
49
回头率
19%
综合服务分
3",冬季电器 | 暖脚器
山东巴铁重工机械设备有限公司,https://shop1003k62e71y47.1688.com/page/contactinfo.htm,1年,山东济宁,"近90天成交笔数
9
回头率
100%
综合服务分
3",冬季电器 | 热风炉 | 豆浆机
慈溪市观海卫火歌电器厂,https://huogedianqi.1688.com/page/contactinfo.htm,4年,浙江宁波,"近90天成交笔数
67
回头率
22%
综合服务分
4",品质生活 | 冬季电器 | 电风扇
沧县科浦电采暖设备厂,https://cxkpdc.1688.com/page/contactinfo.htm,4年,河北沧州,"近90天成交笔数
4
回头率
0%
综合服务分
4",其他取暖电器 | 电热板
盐城市瑞正机械有限公司,https://ycrzjx688.1688.com/page/contactinfo.htm,2年,江苏盐城,"近90天成交笔数
21
回头率
0%
综合服务分
3",电热器 | 热风炉
深圳市闪光电子科技有限公司,https://sgdz88.1688.com/page/contactinfo.htm,16年,广东深圳,"近90天成交笔数
9
回头率
0%
综合服务分
3",USB风扇 | 冬季电器
深圳市首帅节能科技有限公司,https://shoushuai.1688.com/page/contactinfo.htm,3年,广东深圳,"近90天成交笔数
299
回头率
27%
综合服务分
4",厨房净水 | 空气净化器
揭阳市榕城区金达盛家用电器厂,https://jindashengmaoyi.1688.com/page/contactinfo.htm,2年,广东揭阳,"近90天成交笔数
4092
回头率
22%
综合服务分
4.5",夏季电器 | 冬季电器 | 电吹风
揭阳空港区凤美永乐达电器厂,https://yongleda.1688.com/page/contactinfo.htm,1年,广东揭阳,"近90天成交笔数
38
回头率
39%
综合服务分
4.5",电吹风 | 冬季电器 | 夏季电器
青州市冠捷温控设备厂,https://guanjiewk.1688.com/page/contactinfo.htm,3年,山东潍坊,"近90天成交笔数
7
回头率
0%
综合服务分
3",热风炉 | 农业用具 | 通风机
临朐县旭日干燥设备厂,https://xuriganzao.1688.com/page/contactinfo.htm,6年,山东潍坊,"近90天成交笔数
11
回头率
38%
综合服务分
4.5",箱式干燥设备 | 热风炉 | 换热器
慈溪奥尔德电器有限公司,https://cixiard.1688.com/page/contactinfo.htm,3年,浙江宁波,"近90天成交笔数
2932
回头率
44%
综合服务分
4",其他取暖电器 | 夏季电器
揭阳市极速者电器有限公司,https://jisuzhe.1688.com/page/contactinfo.htm,1年,广东揭阳,"近90天成交笔数
46
回头率
34%
综合服务分
4.5",迷你电风扇 | 电动皂液器
深圳市宝安区一乐塑胶电器厂,https://shop4294k4x25y965.1688.com/page/contactinfo.htm,3年,广东深圳,"近90天成交笔数
1137
回头率
28%
综合服务分
4.5",迷你电风扇 | 夏季电器
桓台县盛春散热器厂,https://zbxinfeng.1688.com/page/contactinfo.htm,14年,山东淄博,"近90天成交笔数
1
回头率
0%
综合服务分
3",-
恒益讯科技(深圳)有限公司,https://shop8810706880i07.1688.com/page/contactinfo.htm,2年,广东深圳,"近90天成交笔数
297
回头率
24%
综合服务分
4.5",迷你电风扇 | 冬季电器 | 加湿器
揭阳空港区凤美永乐达电器厂,https://yongleda.1688.com/page/contactinfo.htm,1年,广东揭阳,"近90天成交笔数
38
回头率
39%
综合服务分
4.5",电吹风 | 冬季电器 | 夏季电器
中山市阿斯迪电器有限公司,https://shop5k9d1n0628877.1688.com/page/contactinfo.htm,3年,广东中山,"近90天成交笔数
98
回头率
10%
综合服务分
3.5",冬季电器 | 电风扇 | 夏季电器
茂名市电白区苏宇家用电器厂,https://shop658mm52719051.1688.com/page/contactinfo.htm,3年,广东茂名,"近90天成交笔数
24
回头率
25%
综合服务分
3",电陶炉 | 冬季电器 | 中式厨电
宁波艾格机器人科技有限公司,https://aigekeji.1688.com/page/contactinfo.htm,1年,浙江宁波,"近90天成交笔数
42
回头率
8%
综合服务分
3",迷你电风扇 | 冬季电器
慈溪市附海飞象电器厂,https://shop6521480017977.1688.com/page/contactinfo.htm,1年,浙江宁波,"近90天成交笔数
6
回头率
20%
综合服务分
3",冬季电器 | 电风扇 | 空调扇
慈溪市品上电器厂,https://pinshangdq.1688.com/page/contactinfo.htm,7年,浙江宁波,"近90天成交笔数
35
回头率
17%
综合服务分
3",冬季电器 | 电风扇
广州大海百货商行,https://shop1603358vr5226.1688.com/page/contactinfo.htm,2年,广东广州,"近90天成交笔数
44
回头率
27%
综合服务分
4",夏季电器 | 其他取暖电器
山东飞宝电器设备有限公司,https://shop7o586t8n0m540.1688.com/page/contactinfo.htm,1年,山东潍坊,"近90天成交笔数
0
回头率
0%
综合服务分
3",热风炉 | 通风机
德州汇宝自动化设备有限公司,https://shop135vj87852636.1688.com/page/contactinfo.htm,3年,山东德州,"近90天成交笔数
9
回头率
0%
综合服务分
3",工业风扇 | 热风炉
广东博创家居用品有限公司,https://gdbochuang.1688.com/page/contactinfo.htm,1年,广东揭阳,"近90天成交笔数
118
回头率
58%
综合服务分
4",夏季电器 | 冬季电器
山东友大机械制造有限公司,https://sdyouda.1688.com/page/contactinfo.htm,3年,山东济宁,"近90天成交笔数
0
回头率
0%
综合服务分
3",路面机械 | 热风炉 | 压实机械
寿光绿禾农业科技有限公司,https://shop9oq207670a788.1688.com/page/contactinfo.htm,3年,山东潍坊,"近90天成交笔数
106
回头率
46%
综合服务分
4.5",植保机械 | 热风炉 | 植物生长灯
揭阳空港经济区凤美滨逸电器厂,https://binyidianqi.1688.com/page/contactinfo.htm,2年,广东揭阳,"近90天成交笔数
229
回头率
16%
综合服务分
4",电吹风 | 夏季电器 | 冬季电器
义乌市康赢电子商务有限公司,https://shop943n262653093.1688.com/page/contactinfo.htm,3年,浙江金华,"近90天成交笔数
744
回头率
38%
综合服务分
4.5",冬季电器 | 电火锅 | 家用扫地机
深圳市拾趣设计有限公司,https://shop2179d22930023.1688.com/page/contactinfo.htm,2年,广东深圳,"近90天成交笔数
7
回头率
40%
综合服务分
3",冬季电器 | 防虫防蛀
潍坊宸德机械设备有限公司,https://chendewenkong.1688.com/page/contactinfo.htm,3年,山东潍坊,"近90天成交笔数
10
回头率
0%
综合服务分
3",通风机 | 农业用具 | 热风炉
广州大树电器商行,https://shop269i630103027.1688.com/page/contactinfo.htm,2年,广东广州,"近90天成交笔数
1675
回头率
39%
综合服务分
4.5",夏季电器 | 迷你电风扇
寿光民硕农业科技有限公司,https://shop645g0k2465g64.1688.com/page/contactinfo.htm,1年,山东潍坊,"近90天成交笔数
76
回头率
14%
综合服务分
4.5",植保机械 | 箱式干燥设备
河北万信采暖设备有限公司,https://hbwanxincainuan.1688.com/page/contactinfo.htm,4年,河北衡水,"近90天成交笔数
0
回头率
0%
综合服务分
3",-
慈溪市银富电子商务有限公司,https://shop26l214nx72tw0.1688.com/page/contactinfo.htm,3年,浙江宁波,"近90天成交笔数
191
回头率
26%
综合服务分
4",冬季电器 | 电热水龙头 | 空调扇
青州市昌浩温控设备厂,https://shop984v326g58992.1688.com/page/contactinfo.htm,4年,山东潍坊,"近90天成交笔数
9
回头率
0%
综合服务分
3",热风炉 | 农业用具 | 通风机
中山市黄圃镇双擎电器销售部,https://zsshuangqing.1688.com/page/contactinfo.htm,3年,广东中山,"近90天成交笔数
122
回头率
12%
综合服务分
4.5",手持杀菌灯 | 其他取暖电器
商丘方益能源科技有限公司,https://shop5121262231n12.1688.com/page/contactinfo.htm,1年,河南商丘,"近90天成交笔数
1
回头率
0%
综合服务分
3",发热垫
沧州春之韵电器制造有限公司,https://chunzhiyun18.1688.com/page/contactinfo.htm,4年,河北沧州,"近90天成交笔数
0
回头率
0%
综合服务分
3",其他取暖电器 | 家用采暖炉
山东泰安亿美达能源科技有限公司,https://ymd888.1688.com/page/contactinfo.htm,1年,山东泰安,"近90天成交笔数
0
回头率
0%
综合服务分
3",冬季电器 | 太阳能热水器
慈溪福迈电器有限公司,https://shop3x21995u602s4.1688.com/page/contactinfo.htm,2年,浙江宁波,"近90天成交笔数
22
回头率
0%
综合服务分
4",冬季电器 | 空气净化器 | 筷笼
赛亿电器集团有限公司,https://sydqjt.1688.com/page/contactinfo.htm,10年,浙江宁波,"近90天成交笔数
46
回头率
50%
综合服务分
4",电风扇 | USB风扇 | 冬季电器
广州新砺环保科技有限公司,https://shop7h75007377132.1688.com/page/contactinfo.htm,3年,广东广州,"近90天成交笔数
12
回头率
0%
综合服务分
3",热风炉 | 燃气锅炉
揭阳市妍美电器有限公司,https://shop45gs036730500.1688.com/page/contactinfo.htm,2年,广东揭阳,"近90天成交笔数
80
回头率
22%
综合服务分
4",电吹风 | 冬季电器 | 迷你电风扇
揭阳空港区溪南小头电器厂,https://shop9446g74786g90.1688.com/page/contactinfo.htm,1年,广东揭阳,"近90天成交笔数
278
回头率
23%
综合服务分
4.5",美发护发 | 夏季电器 | 冬季电器
义乌中维机电设备有限公司,https://ywzwjd.1688.com/page/contactinfo.htm,4年,浙江金华,"近90天成交笔数
73
回头率
25%
综合服务分
4",冬季电器 | 转换插座 | 热风炉
揭阳空港区万仕乐电器厂,https://shop9384267588702.1688.com/page/contactinfo.htm,1年,广东揭阳,"近90天成交笔数
359
回头率
42%
综合服务分
4",迷你电风扇 | 夏季电器
山东中瑞达机械科技有限公司,https://shop5a1q116741885.1688.com/page/contactinfo.htm,4年,山东潍坊,"近90天成交笔数
7
回头率
0%
综合服务分
3",通风机 | 热风炉
保定圣通散热器制造有限公司,https://shop1375722135657.1688.com/page/contactinfo.htm,8年,河北保定,"近90天成交笔数
1
回头率
0%
综合服务分
3",-
无锡百宏冷暖设备有限公司,https://beyhone.1688.com/page/contactinfo.htm,7年,江苏无锡,"近90天成交笔数
6
回头率
0%
综合服务分
3",冬季电器 | 品质生活
沧县观复电采暖设备厂,https://shop59o17o7089026.1688.com/page/contactinfo.htm,1年,河北沧州,"近90天成交笔数
14
回头率
29%
综合服务分
3",电热锅炉 | 电热板 | 电热器
宁波市富朗特电子科技有限公司,https://nbfulangte.1688.com/page/contactinfo.htm,1年,浙江宁波,"近90天成交笔数
33
回头率
26%
综合服务分
3",电风扇 | 冬季电器 | 垃圾桶
东莞市星辰电器贸易有限公司,https://shop1353431862318.1688.com/page/contactinfo.htm,9年,广东东莞,"近90天成交笔数
292
回头率
7%
综合服务分
4.5",其他厨房电器 | 中式厨电
潍坊汇众机电设备有限公司,https://shop1414518617830.1688.com/page/contactinfo.htm,7年,山东潍坊,"近90天成交笔数
1
回头率
0%
综合服务分
3",其他干燥设备 | 热风炉
慈溪市巨亨电器有限公司,https://zhdqc.1688.com/page/contactinfo.htm,19年,浙江宁波,"近90天成交笔数
816
回头率
38%
综合服务分
4.5",美发护发 | 夏季电器 | 冬季电器
宁波远游电器有限公司,https://jisongsj.1688.com/page/contactinfo.htm,10年,浙江宁波,"近90天成交笔数
381
回头率
36%
综合服务分
3.5",夏季电器 | 冬季电器
义乌市格至电器有限公司,https://shop2956661ye7725.1688.com/page/contactinfo.htm,1年,浙江金华,"近90天成交笔数
76
回头率
13%
综合服务分
4.5",洗衣机 | 电火锅 | 冬季电器
宁波通汇润达电子商务有限公司,https://shop4284633433z26.1688.com/page/contactinfo.htm,1年,浙江宁波,"近90天成交笔数
17
回头率
18%
综合服务分
4.5",保温杯 | 夏季电器 | 冬季电器
临朐国泰暖通设备有限公司,https://tonglvnuanqipian.1688.com/page/contactinfo.htm,7年,山东潍坊,"近90天成交笔数
34
回头率
50%
综合服务分
4",挂钩、粘钩 | 冬季电器
义乌市闵璟电子商务有限公司,https://shop110y727v743v3.1688.com/page/contactinfo.htm,1年,浙江金华,"近90天成交笔数
26
回头率
27%
综合服务分
4",冬季电器 | 转换插座 | 电风扇
邵阳市凯羽电器有限公司,https://shop84l74078zc813.1688.com/page/contactinfo.htm,1年,湖南邵阳,"近90天成交笔数
5
回头率
100%
综合服务分
3",冬季电器 | 电风扇
慈溪市万喜电器有限公司,https://shop23l448v77q510.1688.com/page/contactinfo.htm,3年,浙江宁波,"近90天成交笔数
11
回头率
20%
综合服务分
3",冬季电器
宁波布欧电器有限公司,https://ningbobuoudianqi.1688.com/page/contactinfo.htm,4年,浙江宁波,"近90天成交笔数
171
回头率
44%
综合服务分
3.5",冬季电器 | 空调扇 | 配件
盐城国科机械制造有限公司,https://ycgkjx.1688.com/page/contactinfo.htm,9年,江苏盐城,"近90天成交笔数
6
回头率
0%
综合服务分
3",电热器 | 电热圈
佛山市格林盈璐电器科技有限公司,https://greenyellow.1688.com/page/contactinfo.htm,6年,广东佛山,"近90天成交笔数
161
回头率
40%
综合服务分
3.5",夏季电器 | 防虫防蛀 | 冬季电器
慈溪市附海俊阳电器配件厂,https://shop1439571320836.1688.com/page/contactinfo.htm,6年,浙江宁波,"近90天成交笔数
5856
回头率
16%
综合服务分
4.5",电风扇 | 冬季电器 | 干衣机
慈溪市双羊电机制造有限公司,https://zhuwanxuan.1688.com/page/contactinfo.htm,6年,浙江宁波,"近90天成交笔数
1303
回头率
9%
综合服务分
3.5",电风扇 | 冬季电器 | 干衣机
济南万丰新能源开发有限公司,https://jnwfzj.1688.com/page/contactinfo.htm,13年,山东济南,"近90天成交笔数
1
回头率
0%
综合服务分
3",其他取暖电器 | 冬季电器
宁波高新区健坤电热技术有限公司,https://nbjankun.1688.com/page/contactinfo.htm,16年,浙江宁波,"近90天成交笔数
0
回头率
0%
综合服务分
3",其他取暖电器
宁波市科数电器有限公司,https://shop11q0v5p647201.1688.com/page/contactinfo.htm,1年,浙江宁波,"近90天成交笔数
7
回头率
17%
综合服务分
3",冬季电器 | 空调扇
沧州金冬美电器有限公司,https://liaiyun888.1688.com/page/contactinfo.htm,12年,河北沧州,"近90天成交笔数
0
回头率
0%
综合服务分
3",其他取暖电器 | 家用采暖炉
东莞市蓝澈净化科技有限公司,https://shop1365677a457t5.1688.com/page/contactinfo.htm,2年,广东东莞,"近90天成交笔数
43
回头率
14%
综合服务分
4",厨房净水 | 冬季电器
济南妤美电器有限公司,https://jinanyumeidianqi.1688.com/page/contactinfo.htm,2年,山东济南,"近90天成交笔数
5
回头率
0%
综合服务分
3",冬季电器 | 电源线
慈溪市拜尔电器厂,https://shop1487696717816.1688.com/page/contactinfo.htm,5年,浙江宁波,"近90天成交笔数
616
回头率
22%
综合服务分
5",冬季电器 | 电风扇 | 空调扇
深圳市同健电器科技有限公司,https://tonkey.1688.com/page/contactinfo.htm,8年,广东深圳,"近90天成交笔数
781
回头率
58%
综合服务分
4",发热垫 | 暖脚器
宁波宝工电器有限公司,https://cxbaogong.1688.com/page/contactinfo.htm,16年,浙江宁波,"近90天成交笔数
156
回头率
3%
综合服务分
4",热风炉 | 除湿机
宁波京升电器有限公司,https://jingshengdianqi.1688.com/page/contactinfo.htm,3年,浙江宁波,"近90天成交笔数
466
回头率
53%
综合服务分
5",冬季电器 | 家用电炸锅 | 空调扇
苏州筱蓓软件科技有限公司,https://shop697i0138z6091.1688.com/page/contactinfo.htm,3年,江苏苏州,"近90天成交笔数
355
回头率
52%
综合服务分
5",冬季电器 | 干电池 | 电风扇
宁津润汇商贸有限公司,https://shop2j6u573z82x01.1688.com/page/contactinfo.htm,4年,山东德州,"近90天成交笔数
0
回头率
0%
综合服务分
3",电热板 | 冬季电器
宁波睿隆电器科技有限公司,https://15257408558.1688.com/page/contactinfo.htm,2年,浙江宁波,"近90天成交笔数
1
回头率
0%
综合服务分
3",冬季电器 | 家居清洁 | 夏季电器
常州市邹风商贸有限公司,https://jsczzfsm.1688.com/page/contactinfo.htm,11年,江苏常州,"近90天成交笔数
4513
回头率
19%
综合服务分
4.5",电风扇 | 吊扇 | 冬季电器
慈溪市益芬电器厂,https://shop0251s62526rn4.1688.com/page/contactinfo.htm,1年,浙江宁波,"近90天成交笔数
4
回头率
0%
综合服务分
3",暖脚器 | 其他取暖电器
慈溪市诺威电器科技有限公司,https://shop4e3p837682q18.1688.com/page/contactinfo.htm,1年,浙江宁波,"近90天成交笔数
0
回头率
0%
综合服务分
3",冬季电器
北京福宁暖盈科技有限公司,https://bjfnny.1688.com/page/contactinfo.htm,1年,北京北京,"近90天成交笔数
2
回头率
0%
综合服务分
3",冬季电器 | 电热板
盐城新乔电热机械有限公司,https://shop5s71486683a02.1688.com/page/contactinfo.htm,1年,江苏盐城,"近90天成交笔数
17
回头率
21%
综合服务分
3",电热器 | 其他电热设备
宁波星连星电子有限公司,https://xlxdz2017.1688.com/page/contactinfo.htm,5年,浙江宁波,"近90天成交笔数
1146
回头率
19%
综合服务分
5",洗衣机 | 冬季电器 | 电风扇
杭州供销物资有限公司,https://hzgxwz.1688.com/page/contactinfo.htm,8年,浙江杭州,"近90天成交笔数
99
回头率
23%
综合服务分
4.5",冬季电器 | 电风扇 | 干手机
慈溪市嘉信电器有限公司,https://shop23461rn578304.1688.com/page/contactinfo.htm,3年,浙江宁波,"近90天成交笔数
957
回头率
13%
综合服务分
4",冬季电器 | 电风扇 | 空调扇
慈溪市心悦电器有限公司,https://shop6p17y9474c129.1688.com/page/contactinfo.htm,3年,浙江宁波,"近90天成交笔数
534
回头率
10%
综合服务分
3.5",电风扇 | 冬季电器 | 空调扇
贵州火焰山电器股份有限公司,https://hyslj.1688.com/page/contactinfo.htm,16年,贵州遵义,"近90天成交笔数
0
回头率
0%
综合服务分
3",冬季电器
佛山市默默科技有限公司,https://shop7421p88j281p4.1688.com/page/contactinfo.htm,2年,广东佛山,"近90天成交笔数
12
回头率
100%
综合服务分
3",冬季电器 | 电动牙刷
慈溪市奥朗电子科技有限公司,https://shop93097d62149d3.1688.com/page/contactinfo.htm,4年,浙江宁波,"近90天成交笔数
2333
回头率
35%
综合服务分
4.5",冬季电器 | 电风扇 | 空调扇
佛山川池智能科技有限公司,https://shop9421g5d74o498.1688.com/page/contactinfo.htm,3年,广东佛山,"近90天成交笔数
2400
回头率
41%
综合服务分
3.5",配件 | 空调 | 冬季电器
宁波万达电器仪表实业公司,https://nbwddq.1688.com/page/contactinfo.htm,10年,浙江宁波,"近90天成交笔数
7
回头率
40%
综合服务分
3",空调扇 | 冬季电器 | 电动牙刷
盐城市欣荣电热科技有限公司,https://ycxrdr.1688.com/page/contactinfo.htm,6年,江苏盐城,"近90天成交笔数
8
回头率
25%
综合服务分
3",电热器
宁波德萨电器制造有限公司,https://dekasen.1688.com/page/contactinfo.htm,3年,浙江宁波,"近90天成交笔数
5
回头率
25%
综合服务分
3",冬季电器 | 无叶扇 | 制冰机
义乌市紫漩电子商务商行,https://wujian067.1688.com/page/contactinfo.htm,2年,浙江金华,"近90天成交笔数
111
回头率
19%
综合服务分
4",电火锅 | 冬季电器 | 挂烫机
慈溪市磊嘉商贸有限公司,https://shop1466701862807.1688.com/page/contactinfo.htm,6年,浙江宁波,"近90天成交笔数
54
回头率
16%
综合服务分
4",冬季电器 | 挂烫机 | 电风扇
宁波市海曙高基万生工贸商行,https://shop1490763664384.1688.com/page/contactinfo.htm,5年,浙江宁波,"近90天成交笔数
3920
回头率
32%
综合服务分
4.5",冬季电器 | 电风扇 | 挂烫机
义乌市延腾贸易有限公司,https://shop7y8489u1k7586.1688.com/page/contactinfo.htm,1年,浙江金华,"近90天成交笔数
131
回头率
25%
综合服务分
4",冬季电器 | 西式厨电
深圳市诺博贸易有限公司,https://shop1467391313935.1688.com/page/contactinfo.htm,5年,广东深圳,"近90天成交笔数
650
回头率
28%
综合服务分
4",电热水壶 | 电火锅 | 电热杯
慈溪市观海卫怡然电器厂,https://shop19278480d6535.1688.com/page/contactinfo.htm,4年,浙江宁波,"近90天成交笔数
492
回头率
22%
综合服务分
5",夏季电器 | 冬季电器 | 足浴电器
慈溪市小雪电子商务有限公司,https://shop49622148l8221.1688.com/page/contactinfo.htm,1年,浙江宁波,"近90天成交笔数
3
回头率
0%
综合服务分
3",空调扇 | 冬季电器 | 品质生活
千石家电(中山)有限公司,https://shop64s069r3636h7.1688.com/page/contactinfo.htm,1年,广东中山,"近90天成交笔数
73
回头率
29%
综合服务分
4",野餐炉具 | 其他取暖电器
上海梦熬家居用品有限公司,https://mengaojiaju.1688.com/page/contactinfo.htm,4年,上海上海,"近90天成交笔数
633
回头率
63%
综合服务分
4.5",冬季电器 | 保温杯 | 酸奶机
慈溪市逸捷电子商务有限公司,https://shop6087a4m860096.1688.com/page/contactinfo.htm,1年,浙江宁波,"近90天成交笔数
135
回头率
19%
综合服务分
4",冬季电器 | 电风扇
宁波市勋程电器有限公司,https://xuncheng.1688.com/page/contactinfo.htm,3年,浙江宁波,"近90天成交笔数
2737
回头率
27%
综合服务分
4.5",电风扇 | 冬季电器 | 家用电炸锅
宁波天象电器有限公司,https://skyelt.1688.com/page/contactinfo.htm,6年,浙江宁波,"近90天成交笔数
10
回头率
13%
综合服务分
3",冬季电器 | 乔木
四川好安亿电器有限公司,https://sckaks.1688.com/page/contactinfo.htm,6年,四川成都,"近90天成交笔数
195
回头率
9%
综合服务分
4",电风扇 | 冬季电器
临沂市兰山区剑豪电子商务店,https://shop532290j5wz4w7.1688.com/page/contactinfo.htm,1年,山东临沂,"近90天成交笔数
218
回头率
8%
综合服务分
4",热风炉 | 仿真绿植 | 墙贴
揭阳市从一家居用品有限公司,https://shop25316r3091r68.1688.com/page/contactinfo.htm,1年,广东揭阳,"近90天成交笔数
1388
回头率
25%
综合服务分
4.5",夏季电器 | 冬季电器
平阳县新耐特电子商务商行,https://shop323c478098c62.1688.com/page/contactinfo.htm,1年,浙江温州,"近90天成交笔数
47
回头率
12%
综合服务分
4",冬季电器 | 迷你电风扇 | 筋膜枪
深圳市鼎立鑫贸易有限公司,https://ldx8099.1688.com/page/contactinfo.htm,1年,广东深圳,"近90天成交笔数
302
回头率
42%
综合服务分
4.5",电烤箱 | 冬季电器 | 夏季电器
义乌市韩今厨房用具有限公司,https://shop19d3227p8z222.1688.com/page/contactinfo.htm,1年,浙江金华,"近90天成交笔数
517
回头率
18%
综合服务分
4.5",电火锅 | 锅具套装 | 冬季电器
绍兴上虞凌睿电器商行,https://shop1461083532956.1688.com/page/contactinfo.htm,6年,浙江绍兴,"近90天成交笔数
1849
回头率
17%
综合服务分
4.5",电风扇 | 夏季电器 | 挂烫机
广州西奥多科技有限公司,https://theodoortech.1688.com/page/contactinfo.htm,3年,广东广州,"近90天成交笔数
4
回头率
0%
综合服务分
3",风幕机 | 冬季电器
东莞市樟木头联合电器经营部,https://shop3h89w58802c84.1688.com/page/contactinfo.htm,3年,广东东莞,"近90天成交笔数
84
回头率
28%
综合服务分
4",电风扇 | 空调 | 冬季电器
揭阳空港区京冈八月电器厂,https://shop4y6510183ld02.1688.com/page/contactinfo.htm,1年,广东揭阳,"近90天成交笔数
1963
回头率
16%
综合服务分
4.5",夏季电器 | 电吹风 | 冬季电器
慈溪市立清电器厂,https://shop18l15i248g229.1688.com/page/contactinfo.htm,3年,浙江宁波,"近90天成交笔数
322
回头率
30%
综合服务分
4",厨房净水 | 电热水龙头
揭阳市聚优加电器有限公司,https://shop4v659869v0002.1688.com/page/contactinfo.htm,1年,广东揭阳,"近90天成交笔数
41
回头率
8%
综合服务分
5",电吹风 | 接线插座 | 冬季电器
郑州老李科技有限公司,https://shop1492534692712.1688.com/page/contactinfo.htm,5年,河南郑州,"近90天成交笔数
7
回头率
0%
综合服务分
3",风幕机 | 冬季电器 | 品质生活
慈溪市婉怡电器有限公司,https://shop63d1978t05e52.1688.com/page/contactinfo.htm,1年,浙江宁波,"近90天成交笔数
4
回头率
33%
综合服务分
3",冬季电器 | 夏季电器
宁波薏凝电子商务有限公司,https://shop320996b6s53s2.1688.com/page/contactinfo.htm,3年,浙江宁波,"近90天成交笔数
74
回头率
21%
综合服务分
4.5",冬季电器 | 迷你电风扇
宁波沁宇工业产品设计有限公司,https://shop9288t921o9204.1688.com/page/contactinfo.htm,2年,浙江宁波,"近90天成交笔数
3289
回头率
41%
综合服务分
4.5",电风扇 | 冬季电器 | 无叶扇
温州升耀贸易有限公司,https://wzsy19588036817.1688.com/page/contactinfo.htm,1年,浙江温州,"近90天成交笔数
18
回头率
15%
综合服务分
4",冬季电器 | 电火锅 | 加湿器
义乌市亿皓电器有限公司,https://shop18c3942261939.1688.com/page/contactinfo.htm,1年,浙江金华,"近90天成交笔数
107
回头率
25%
综合服务分
4",电火锅 | 挂烫机 | 中式厨电
义乌市准阔日用百货有限公司,https://ywzk168.1688.com/page/contactinfo.htm,6年,浙江金华,"近90天成交笔数
584
回头率
21%
综合服务分
4",晴雨伞 | 冬季电器 | 雨伞
慈溪市柔漫电器厂,https://roumandianqi.1688.com/page/contactinfo.htm,6年,浙江宁波,"近90天成交笔数
40
回头率
23%
综合服务分
3.5",冬季电器 | 电玩设备 | 电风扇
宁波时荣电器科技有限公司,https://sungroy.1688.com/page/contactinfo.htm,1年,浙江宁波,"近90天成交笔数
2
回头率
0%
综合服务分
3",冬季电器
慈溪市翰杰电器有限公司,https://shop02j102k988462.1688.com/page/contactinfo.htm,3年,浙江宁波,"近90天成交笔数
19
回头率
23%
综合服务分
3",其他取暖电器 | 干衣机
衡水众兴采暖设备有限公司,https://shop9k43567b007d2.1688.com/page/contactinfo.htm,1年,河北衡水,"近90天成交笔数
0
回头率
0%
综合服务分
3",-
山东瑞品电子商务有限公司,https://shop5h6h2b0259264.1688.com/page/contactinfo.htm,1年,山东临沂,"近90天成交笔数
0
回头率
0%
综合服务分
3",冬季电器 | 其他取暖电器
台州市曼尔悦进出口有限公司,https://shop7053257108297.1688.com/page/contactinfo.htm,1年,浙江台州,"近90天成交笔数
1
回头率
0%
综合服务分
3",冬季电器 | 农业用具 | 热风炉
慈溪斯锐电器厂,https://shop9781328r61754.1688.com/page/contactinfo.htm,3年,浙江宁波,"近90天成交笔数
262
回头率
13%
综合服务分
4",冬季电器 | USB风扇 | 空调扇
揭阳空港经济区美迅电器厂,https://594038836.1688.com/page/contactinfo.htm,4年,广东揭阳,"近90天成交笔数
1596
回头率
35%
综合服务分
5",夏季电器 | 冬季电器
青州市森禾温控设备有限公司,https://shwksb.1688.com/page/contactinfo.htm,5年,山东潍坊,"近90天成交笔数
0
回头率
0%
综合服务分
3",工业风扇 | 热风炉
福安市诺威电子商务有限公司,https://shop51ivr1v932993.1688.com/page/contactinfo.htm,1年,福建宁德,"近90天成交笔数
7
回头率
17%
综合服务分
3",家用吸尘器 | 家居清洁
上海芮庚环保科技有限公司,https://yisimeinuantong.1688.com/page/contactinfo.htm,2年,上海上海,"近90天成交笔数
7
回头率
25%
综合服务分
3",其他水暖五金 | 隔热材料
河北暖赫电子科技有限公司,https://shop42ug2g1175405.1688.com/page/contactinfo.htm,4年,河北石家庄,"近90天成交笔数
10
回头率
50%
综合服务分
3",电热线 | 其他取暖电器
山东克勒斯机械有限公司,https://kelesi.1688.com/page/contactinfo.htm,4年,山东济宁,"近90天成交笔数
0
回头率
0%
综合服务分
3",拖拉机 | 其他取暖电器
宁波凯明威电子科技有限公司,https://shop08u2686mu1000.1688.com/page/contactinfo.htm,2年,浙江宁波,"近90天成交笔数
0
回头率
0%
综合服务分
3",铝及铝合金材 | 户外花架
深圳市摩古科技有限公司,https://shop13255g9de1324.1688.com/page/contactinfo.htm,2年,广东深圳,"近90天成交笔数
110
回头率
34%
综合服务分
4.5",电烤箱 | 家用电炸锅 | 冬季电器
平阳县颖宝电子商务商行,https://shop40h0475z55460.1688.com/page/contactinfo.htm,2年,浙江温州,"近90天成交笔数
1772
回头率
36%
综合服务分
4.5",美发护发 | 脱毛/剃毛器
郑州老李商贸有限公司,https://xiaoduo.1688.com/page/contactinfo.htm,7年,河南郑州,"近90天成交笔数
1
回头率
0%
综合服务分
3",风幕机 | 冬季电器 | 除湿机
瑞安市风调雨顺电子商务商行,https://shop7i99y8714p547.1688.com/page/contactinfo.htm,2年,浙江温州,"近90天成交笔数
76
回头率
32%
综合服务分
4.5",美发护发 | 冬季电器
浙江龙剑电子有限公司,https://longjiandz.1688.com/page/contactinfo.htm,15年,浙江金华,"近90天成交笔数
29
回头率
22%
综合服务分
4",夏季电器 | 其他取暖电器
深圳市鼎聚宝科技有限公司,https://shop9y600099mb595.1688.com/page/contactinfo.htm,3年,广东深圳,"近90天成交笔数
40
回头率
35%
综合服务分
4",空气净化器 | 车载电器
焕朵拉(广州)形象设计中心,https://shop675b0412445c1.1688.com/page/contactinfo.htm,1年,广东广州,"近90天成交笔数
96
回头率
6%
综合服务分
3",围裙、袖套
深圳市卡乐里科技有限公司,https://kalelir.1688.com/page/contactinfo.htm,2年,广东深圳,"近90天成交笔数
11
回头率
10%
综合服务分
3",香薰机 | 加湿器 | 冬季电器
义乌市品固工艺品厂,https://shop82758g3213681.1688.com/page/contactinfo.htm,1年,浙江金华,"近90天成交笔数
11
回头率
25%
综合服务分
3",美发护发 | 冬季电器 | 筋膜枪
宁波市华米电器有限公司,https://huamii.1688.com/page/contactinfo.htm,1年,浙江宁波,"近90天成交笔数
5
回头率
0%
综合服务分
3",冬季电器 | 空调扇 | 干衣机
义乌市御帅电器有限公司,https://shop2565236571524.1688.com/page/contactinfo.htm,2年,浙江金华,"近90天成交笔数
40
回头率
12%
综合服务分
3",中式厨电 | 冬季电器 | 品质生活
揭阳空港区凤美飞科迪电器厂,https://shop677e5l3170s41.1688.com/page/contactinfo.htm,1年,广东揭阳,"近90天成交笔数
150
回头率
12%
综合服务分
4.5",电吹风 | 冬季电器 | USB风扇
慈溪市隆维电器有限公司,https://cclongwei.1688.com/page/contactinfo.htm,2年,浙江宁波,"近90天成交笔数
119
回头率
11%
综合服务分
3.5",冬季电器 | 品质生活 | 电风扇
济南鑫艾迪电器有限公司,https://xinaididianqi.1688.com/page/contactinfo.htm,7年,山东济南,"近90天成交笔数
12
回头率
29%
综合服务分
3",其他取暖电器 | 电风扇
沧州格尔美电器有限公司,https://czgeermei.1688.com/page/contactinfo.htm,8年,河北沧州,"近90天成交笔数
0
回头率
0%
综合服务分
3",其他取暖电器 | 家用采暖炉
镇江新区昊然电热电器有限公司,https://shop1412095427752.1688.com/page/contactinfo.htm,7年,江苏镇江,"近90天成交笔数
2
回头率
100%
综合服务分
3",电热器 | 电热带
宝尔马电器集团有限公司,https://baoermalily.1688.com/page/contactinfo.htm,19年,浙江宁波,"近90天成交笔数
271
回头率
50%
综合服务分
4.5",电风扇 | 冬季电器 | 空调扇
义乌市新团日用百货有限公司,https://jianghu1688.1688.com/page/contactinfo.htm,9年,浙江金华,"近90天成交笔数
3733
回头率
31%
厂房面积
3560m²
员工人数
11-50人",手持花洒 | 花洒套装 | 冬季电器
济宁市天通机械设备有限公司,https://15554734299.1688.com/page/contactinfo.htm,4年,山东济宁,"近90天成交笔数
21
回头率
0%
综合服务分
3",压实机械 | 路面机械 | 热风炉
盐山国成陶艺设备厂,https://shop1491412086904.1688.com/page/contactinfo.htm,5年,河北沧州,"近90天成交笔数
13
回头率
30%
综合服务分
3",冬季电器
中山市容驹电器有限公司,https://shop3923545s09180.1688.com/page/contactinfo.htm,1年,广东中山,"近90天成交笔数
4
回头率
0%
综合服务分
3",冬季电器 | 其他取暖电器
佛山市顺德区红孩儿电器有限公司,https://shop3011s1236q881.1688.com/page/contactinfo.htm,2年,广东佛山,"近90天成交笔数
85
回头率
39%
综合服务分
4.5",空调 | 蚊帐、床幔 | 冬季电器
宁波通路宝日用品有限公司,https://shop4675l78796869.1688.com/page/contactinfo.htm,2年,浙江宁波,"近90天成交笔数
0
回头率
0%
综合服务分
3",树脂工艺品 | 冬季电器
中山市金中电热科技有限公司,https://shop9828xfm354358.1688.com/page/contactinfo.htm,1年,广东中山,"近90天成交笔数
1
回头率
0%
综合服务分
3",电火锅 | 迷你电风扇 | 冬季电器
山东腾晨电器有限公司,https://shop50771833pch84.1688.com/page/contactinfo.htm,1年,山东临沂,"近90天成交笔数
0
回头率
0%
综合服务分
3",冬季电器
濮阳县美施宝电器有限公司,https://meishidq.1688.com/page/contactinfo.htm,2年,河南濮阳,"近90天成交笔数
175
回头率
57%
综合服务分
4",电风扇 | 家用菜馅机 | 冬季电器
揭阳市雄雅电器有限公司,https://xiongya888.1688.com/page/contactinfo.htm,3年,广东揭阳,"近90天成交笔数
155
回头率
26%
综合服务分
4",电吹风 | 发热垫 | 冬季电器
青州新工环保设备有限公司,https://shop425xx81509896.1688.com/page/contactinfo.htm,2年,山东潍坊,"近90天成交笔数
0
回头率
0%
综合服务分
3",热风炉 | 加热器 | 通风机
沧州晶峰采暖电器有限公司,https://hbjfdq.1688.com/page/contactinfo.htm,4年,河北沧州,"近90天成交笔数
2
回头率
100%
综合服务分
3",家用采暖炉 | 其他取暖电器
广州北卡贸易商行,https://shop73504132n9997.1688.com/page/contactinfo.htm,2年,广东广州,"近90天成交笔数
283
回头率
17%
综合服务分
4.5",夏季电器 | 冬季电器
山东驭能暖通科技有限公司,https://shop1389200296107.1688.com/page/contactinfo.htm,8年,山东潍坊,"近90天成交笔数
0
回头率
0%
综合服务分
3",-
慈溪市方啸电器有限公司,https://shop0634513l9b314.1688.com/page/contactinfo.htm,1年,浙江宁波,"近90天成交笔数
12
回头率
9%
综合服务分
3",电风扇 | 冬季电器 | 空调扇
东莞市苏格电器有限公司,https://dgsuge.1688.com/page/contactinfo.htm,5年,广东东莞,"近90天成交笔数
18
回头率
29%
综合服务分
3",转换插座 | 冬季电器
青州山图机械有限公司,https://shop0295307c8yy02.1688.com/page/contactinfo.htm,1年,山东潍坊,"近90天成交笔数
0
回头率
0%
综合服务分
3",热风炉
揭阳空港区溪南欧诺森电器厂,https://shop8t02258662h72.1688.com/page/contactinfo.htm,1年,广东揭阳,"近90天成交笔数
114
回头率
13%
综合服务分
3",家用扫地机 | 空气净化器
青岛韩永信电热有限公司,https://hanyongxindianre.1688.com/page/contactinfo.htm,3年,山东青岛,"近90天成交笔数
1
回头率
0%
综合服务分
3",电热膜 | 冬季电器
慈溪花贝电器有限公司,https://huabei68.1688.com/page/contactinfo.htm,4年,浙江宁波,"近90天成交笔数
3612
回头率
30%
综合服务分
4.5",迷你电风扇 | 冬季电器
揭阳空港区凤美巨赫电器厂,https://shop18g41531q9b09.1688.com/page/contactinfo.htm,1年,广东揭阳,"近90天成交笔数
18
回头率
50%
综合服务分
3",电吹风 | 夏季电器 | 冬季电器
温州市豪普机械有限公司,https://houp.1688.com/page/contactinfo.htm,18年,浙江温州,"近90天成交笔数
15
回头率
8%
综合服务分
4",马术用品 | 毛巾架 | 冬季电器
上海九源电热电器有限公司,https://shop1426265388797.1688.com/page/contactinfo.htm,7年,上海上海,"近90天成交笔数
0
回头率
0%
综合服务分
3",电热板 | 其他取暖电器
中山市苏尼斯电器有限公司,https://sunisi.1688.com/page/contactinfo.htm,6年,广东中山,"近90天成交笔数
264
回头率
30%
综合服务分
3.5",电风扇 | 冬季电器
沧州金迈电热科技有限公司,https://shop12311848910v2.1688.com/page/contactinfo.htm,3年,河北沧州,"近90天成交笔数
0
回头率
0%
综合服务分
3",其他取暖电器 | 家用采暖炉
天津新锐众成科技有限公司,https://xinruicn.1688.com/page/contactinfo.htm,2年,天津天津,"近90天成交笔数
5231
回头率
62%
综合服务分
4.5",电风扇 | 冬季电器
揭阳空港区凤美米阁家用电器经营部,https://shop2998080x691l7.1688.com/page/contactinfo.htm,2年,广东揭阳,"近90天成交笔数
4414
回头率
32%
综合服务分
5",冬季电器 | 夏季电器 | 电吹风
浙江伟峰科技股份有限公司,https://shop567756832t9t3.1688.com/page/contactinfo.htm,1年,浙江嘉兴,"近90天成交笔数
0
回头率
0%
综合服务分
3",冬季电器
桓台县起凤镇王老大散热器厂,https://wanglaodasanreqi.1688.com/page/contactinfo.htm,3年,山东淄博,"近90天成交笔数
1
回头率
0%
综合服务分
3",-
慈溪市昊希电器厂,https://cxhaoxi.1688.com/page/contactinfo.htm,3年,浙江宁波,"近90天成交笔数
53
回头率
32%
综合服务分
4",电风扇 | 冬季电器
沧州暖的电热节能科技有限公司,https://shop1443632085420.1688.com/page/contactinfo.htm,6年,河北沧州,"近90天成交笔数
0
回头率
0%
综合服务分
3",冬季电器 | 其他取暖电器
佛山市幸福电器科技有限公司,https://shop2467339244778.1688.com/page/contactinfo.htm,2年,广东佛山,"近90天成交笔数
0
回头率
0%
综合服务分
3",其他取暖电器 | 厨房电器配件
临沂安宝网络技术有限公司,https://shop1403629004934.1688.com/page/contactinfo.htm,3年,山东临沂,"近90天成交笔数
14
回头率
60%
综合服务分
3",挡风披 | 其他取暖电器 | 换鞋凳
揭阳空港区京冈乐越电器商行,https://shop32qq442154218.1688.com/page/contactinfo.htm,1年,广东揭阳,"近90天成交笔数
95
回头率
17%
综合服务分
4.5",夏季电器 | 冬季电器 | 电吹风
廊坊首诚节能科技有限公司,https://shop844705j95k100.1688.com/page/contactinfo.htm,4年,河北廊坊,"近90天成交笔数
0
回头率
0%
综合服务分
3",电热带 | 电热线 | 冬季电器
浙江添歌电器有限公司,https://zjtgdqgs.1688.com/page/contactinfo.htm,2年,浙江宁波,"近90天成交笔数
2
回头率
0%
综合服务分
3",工业风扇 | 其他取暖电器
慈溪市和美电器厂,https://shop362lj38125972.1688.com/page/contactinfo.htm,3年,浙江宁波,"近90天成交笔数
3
回头率
100%
综合服务分
3",冬季电器 | 电风扇 | 空调扇
新蔡县前勇商贸有限公司,https://shop6k8w725570404.1688.com/page/contactinfo.htm,2年,河南驻马店,"近90天成交笔数
370
回头率
19%
综合服务分
4",洗衣机 | 冬季电器 | 干衣机
湘潭县云湖桥镇鸿运电器厂,https://xthydq.1688.com/page/contactinfo.htm,3年,湖南湘潭,"近90天成交笔数
0
回头率
0%
综合服务分
3",暖脚器 | 其他取暖电器
衡水雷米商贸有限公司,https://shop6o31582io5276.1688.com/page/contactinfo.htm,1年,河北衡水,"近90天成交笔数
94
回头率
31%
综合服务分
4",塑料罐 | 塑料瓶、壶
深圳市麦宝家居用品有限公司,https://shop1457024544481.1688.com/page/contactinfo.htm,6年,广东深圳,"近90天成交笔数
68
回头率
29%
综合服务分
4",电热水袋 | 迷你电风扇 | 暖脚器
佛山市素乘科技研究有限公司,https://shop975464x150571.1688.com/page/contactinfo.htm,1年,广东佛山,"近90天成交笔数
3
回头率
50%
综合服务分
3",冬季电器 | 空调扇
沧州铭科环能电器设备有限公司,https://shop486964n3e0252.1688.com/page/contactinfo.htm,3年,河北沧州,"近90天成交笔数
2
回头率
0%
综合服务分
3",其他取暖电器 | 冬季电器
中山市立东家用电器有限公司,https://shop549769s524955.1688.com/page/contactinfo.htm,1年,广东中山,"近90天成交笔数
0
回头率
0%
综合服务分
3",其他生活电器 | 其他取暖电器
东阳市马宅镇夏眠磁性软纱门厂,https://xm1987.1688.com/page/contactinfo.htm,7年,浙江金华,"近90天成交笔数
95
回头率
47%
综合服务分
4",窗纱 | 衣架 | 冬季电器
广东顺德斗禾电子科技有限公司,https://douhekeji.1688.com/page/contactinfo.htm,5年,广东佛山,"近90天成交笔数
1
回头率
0%
综合服务分
3",夏季电器 | 冬季电器 | 香薰机
平阳县雅健电子产品有限公司,https://shop1469033359166.1688.com/page/contactinfo.htm,5年,浙江温州,"近90天成交笔数
156
回头率
36%
综合服务分
4.5",电子美容仪 | 脱毛/剃毛器
宁波英普莱逊工艺品发展有限公司,https://shop8624798015104.1688.com/page/contactinfo.htm,1年,浙江宁波,"近90天成交笔数
87
回头率
21%
综合服务分
3",夏季电器 | 家用电炸锅
温州熠诚电子科技有限公司,https://shop8849f397tn686.1688.com/page/contactinfo.htm,1年,浙江温州,"近90天成交笔数
56
回头率
35%
综合服务分
4.5",美发护发 | 冬季电器 | 保健小电
衡水聚祥暖通科技有限公司,https://shop407g5251l02l9.1688.com/page/contactinfo.htm,1年,河北衡水,"近90天成交笔数
10
回头率
0%
综合服务分
3",-
慈溪市阿尔斯诺电器有限公司,https://shop7r98759b42454.1688.com/page/contactinfo.htm,1年,浙江宁波,"近90天成交笔数
390
回头率
44%
综合服务分
4.5",冰箱 | 冬季电器 | 电风扇
平阳县逸森电子商务商行,https://shop018i076975hr7.1688.com/page/contactinfo.htm,1年,浙江温州,"近90天成交笔数
576
回头率
29%
综合服务分
4.5",筋膜枪 | 冬季电器 | 刨冰机
宁波林迅进出口有限公司,https://linxun.1688.com/page/contactinfo.htm,5年,浙江宁波,"近90天成交笔数
36
回头率
43%
综合服务分
4",海绵 | 冬季电器 | 空调扇
佛山市顺德区杏坛羽大电器贸易商行,https://shop1452617300685.1688.com/page/contactinfo.htm,6年,广东佛山,"近90天成交笔数
271
回头率
53%
综合服务分
4.5",冬季电器 | 电风扇
慈溪市宸佳智能科技有限公司,https://cixichenjiamuju.1688.com/page/contactinfo.htm,8年,浙江宁波,"近90天成交笔数
498
回头率
40%
综合服务分
4",冬季电器 | 电风扇 | 品质生活
杭州智享科技有限公司,https://hzzxhl.1688.com/page/contactinfo.htm,7年,浙江杭州,"近90天成交笔数
0
回头率
0%
综合服务分
3",加湿器 | 品质生活 | 冬季电器
深圳乐如创新科技有限公司,https://loro1688.1688.com/page/contactinfo.htm,4年,广东深圳,"近90天成交笔数
1708
回头率
26%
综合服务分
3.5",移动电源 | 蓝牙音箱 | 冬季电器
聊城市宝腾食品机械有限公司,https://shop5iu53i8685250.1688.com/page/contactinfo.htm,1年,山东聊城,"近90天成交笔数
0
回头率
0%
综合服务分
3",热风炉 | 炊事设备
冀州区广越五金电料门市部,https://mijiazhiliankeji.1688.com/page/contactinfo.htm,1年,河北衡水,"近90天成交笔数
2
回头率
0%
综合服务分
3",接线插座 | 电源插头
贵州众暖科技开发有限公司,https://shop5841777965666.1688.com/page/contactinfo.htm,4年,贵州黔东南苗族侗族自治州,"近90天成交笔数
0
回头率
0%
综合服务分
3",暖脚器
广东施耐奇环保设备有限公司,https://srakke.1688.com/page/contactinfo.htm,4年,广东中山,"近90天成交笔数
0
回头率
0%
综合服务分
3",冬季电器 | 电热锅炉 | 冲压加工
无锡玩咖电子商务有限公司,https://jsowskj.1688.com/page/contactinfo.htm,2年,江苏无锡,"近90天成交笔数
13
回头率
18%
综合服务分
3",其他取暖电器 | 毛巾架
宁波科吉电器有限公司,https://shop87pv4n8415685.1688.com/page/contactinfo.htm,2年,浙江宁波,"近90天成交笔数
3
回头率
0%
综合服务分
3",手电筒 | 头灯 | 冬季电器
瑞安市恒胜日用品厂,https://shop080838w5f2695.1688.com/page/contactinfo.htm,1年,浙江温州,"近90天成交笔数
76
回头率
33%
综合服务分
4.5",美发护发 | 冬季电器 | 筋膜枪
深圳市宝安区霖茂电子商务商行,https://shop1486745983772.1688.com/page/contactinfo.htm,5年,广东深圳,"近90天成交笔数
530
回头率
40%
综合服务分
4",冬季电器 | 夏季电器 | 加湿器
慈溪市赢利纸箱厂,https://yinglizhixiang.1688.com/page/contactinfo.htm,1年,浙江宁波,"近90天成交笔数
2
回头率
0%
综合服务分
3",洗衣机 | 冬季电器 | 制冰机
慈溪市同晟电器有限公司,https://shop2540547843774.1688.com/page/contactinfo.htm,4年,浙江宁波,"近90天成交笔数
7
回头率
17%
综合服务分
3",空调扇 | 冬季电器 | 迷你电风扇
平阳县硕盈电子商务商行,https://shop8s75449s41574.1688.com/page/contactinfo.htm,1年,浙江温州,"近90天成交笔数
293
回头率
42%
综合服务分
3.5",冬季电器 | 磨脚器 | 冲牙器
河北鑫亿阳商贸有限公司,https://shop1495719284733.1688.com/page/contactinfo.htm,4年,河北石家庄,"近90天成交笔数
20
回头率
13%
综合服务分
3",电热水袋 | 电风扇
揭阳市榕城区滨丽电吹风器厂,https://shop5398310893396.1688.com/page/contactinfo.htm,4年,广东揭阳,"近90天成交笔数
284
回头率
49%
综合服务分
4",电吹风 | 夏季电器 | 冬季电器
永康市丙泰电子科技有限公司,https://shop1411144842534.1688.com/page/contactinfo.htm,7年,浙江金华,"近90天成交笔数
4
回头率
0%
综合服务分
3",工业风扇 | 电火锅 | 冬季电器
深圳熊小凡科技有限公司,https://huizhonggou.1688.com/page/contactinfo.htm,4年,广东深圳,"近90天成交笔数
56
回头率
32%
综合服务分
4",香薰机 | 加湿器 | 冬季电器
余姚市家欢电器厂,https://shop1464972021663.1688.com/page/contactinfo.htm,5年,浙江宁波,"近90天成交笔数
2455
回头率
13%
综合服务分
5",冬季电器 | 电风扇 | 空调扇
义乌市詹康贸易有限公司,https://shop002x542115350.1688.com/page/contactinfo.htm,2年,浙江金华,"近90天成交笔数
61
回头率
19%
综合服务分
4",炒锅 | 电火锅 | 冬季电器
中山市索伯电器有限公司,https://sobedq.1688.com/page/contactinfo.htm,2年,广东中山,"近90天成交笔数
510
回头率
46%
综合服务分
4.5",电风扇 | USB风扇 | 冬季电器
温州鹏航电子科技有限公司,https://shop1461775792870.1688.com/page/contactinfo.htm,6年,浙江温州,"近90天成交笔数
243
回头率
32%
综合服务分
4",皮质拖鞋 | 冬季电器 | 美体瘦身
慈溪市华嵘电器厂,https://xiaorong2002888.1688.com/page/contactinfo.htm,19年,浙江宁波,"近90天成交笔数
0
回头率
0%
综合服务分
3",其他取暖电器 | 其他夏季电器
深圳市鸿腾云创科技有限公司,https://shop43j106x4165a1.1688.com/page/contactinfo.htm,1年,广东深圳,"近90天成交笔数
46
回头率
45%
综合服务分
3",夏季电器 | 电风扇 | 冬季电器
佛山市顺德区科拓电器有限公司,https://ketuodianqi.1688.com/page/contactinfo.htm,7年,广东佛山,"近90天成交笔数
340
回头率
45%
综合服务分
4.5",电蒸锅 | 热水壶/瓶
温州海恋燕电子商务有限公司,https://shop65v90394ih472.1688.com/page/contactinfo.htm,2年,浙江温州,"近90天成交笔数
66
回头率
38%
综合服务分
4",电动牙刷 | 冬季电器
聊城市东昌府区行金电子商务经营部,https://shop111043ihi5959.1688.com/page/contactinfo.htm,1年,山东聊城,"近90天成交笔数
0
回头率
0%
综合服务分
3",炊事设备 | 热风炉 | 电玩设备
平阳县增雨工艺品厂,https://shop452v9287844r7.1688.com/page/contactinfo.htm,3年,浙江温州,"近90天成交笔数
234
回头率
44%
综合服务分
4",脱毛/剃毛器 | 美发护发
平阳县好君工艺品厂,https://hoyz.1688.com/page/contactinfo.htm,10年,浙江温州,"近90天成交笔数
1259
回头率
40%
综合服务分
3",美发护发 | 冬季电器
宁波犁头电器有限公司,https://shop857699546yg23.1688.com/page/contactinfo.htm,1年,浙江宁波,"近90天成交笔数
11801
回头率
26%
综合服务分
4",冬季电器 | 电风扇 | 空调扇
海曦创饰工艺品有限公司,https://shop6o12083463914.1688.com/page/contactinfo.htm,4年,广东深圳,"近90天成交笔数
412
回头率
33%
综合服务分
4",迷你电风扇 | 冬季电器
慈溪市附海向尚电器厂,https://shop512y07w591218.1688.com/page/contactinfo.htm,4年,浙江宁波,"近90天成交笔数
88
回头率
22%
综合服务分
4",足浴电器 | 冬季电器 | 电动牙刷
慈溪市鹏博电器有限公司,https://pengbodq.1688.com/page/contactinfo.htm,9年,浙江宁波,"近90天成交笔数
33
回头率
15%
综合服务分
3",电风扇 | 无叶扇 | 冬季电器
揭阳市鲸一科技有限公司,https://shop0l8m152h32118.1688.com/page/contactinfo.htm,1年,广东揭阳,"近90天成交笔数
1739
回头率
22%
综合服务分
4",夏季电器 | 冬季电器 | 榨汁机
揭阳空港区溪南依美若斯电器厂,https://shop2j6y448262j92.1688.com/page/contactinfo.htm,3年,广东揭阳,"近90天成交笔数
512
回头率
29%
综合服务分
4",加湿器 | 小夜灯 | 冬季电器
揭阳市榕城区悦心家用电器经营部,https://shop4609821t4a7r5.1688.com/page/contactinfo.htm,2年,广东揭阳,"近90天成交笔数
304
回头率
18%
综合服务分
3.5",电吹风 | 夏季电器 | 冬季电器
揭阳空港区凤美华腾达电器厂,https://shop0599c11c11669.1688.com/page/contactinfo.htm,2年,广东揭阳,"近90天成交笔数
172
回头率
22%
综合服务分
4",电吹风 | 美发护发 | 冬季电器
慈溪市凯成电子商务有限公司,https://shop603w6j8691633.1688.com/page/contactinfo.htm,1年,浙江宁波,"近90天成交笔数
632
回头率
21%
综合服务分
5",西式厨电 | 冬季电器
揭阳空港经济区凤美富和电器厂,https://shop5119224203388.1688.com/page/contactinfo.htm,2年,广东揭阳,"近90天成交笔数
3656
回头率
20%
综合服务分
4.5",夏季电器 | 电吹风 | 冬季电器
中山市每时乐电子商务有限公司,https://shop1833l9768z180.1688.com/page/contactinfo.htm,2年,广东中山,"近90天成交笔数
428
回头率
16%
综合服务分
5",夏季电器 | 加湿器 | 冬季电器
瑞安市耀瑞贸易有限公司,https://shop1488437821863.1688.com/page/contactinfo.htm,5年,浙江温州,"近90天成交笔数
103
回头率
10%
综合服务分
4",组合地垫 | 美发护发
瑞安市唯乐贸易有限公司,https://shop5416b13028931.1688.com/page/contactinfo.htm,3年,浙江温州,"近90天成交笔数
121
回头率
19%
综合服务分
4.5",冬季电器 | USB风扇 | 榨汁机
慈溪市瑞驰家用电器经营部,https://shop9313257l63667.1688.com/page/contactinfo.htm,1年,浙江宁波,"近90天成交笔数
12
回头率
9%
综合服务分
3",冬季电器 | 电热水龙头 | 电风扇
宁波象北电器集团有限公司,https://nbxiangbeidianqi.1688.com/page/contactinfo.htm,2年,浙江宁波,"近90天成交笔数
67
回头率
7%
综合服务分
4",夏季电器 | 充水热水袋
温州俊鼎日用品有限公司,https://xinyunriyong.1688.com/page/contactinfo.htm,1年,浙江温州,"近90天成交笔数
3
回头率
0%
综合服务分
3",冬季电器 | 防虫防蛀
平阳县万维电子商务商行,https://shop6772344f61h86.1688.com/page/contactinfo.htm,1年,浙江温州,"近90天成交笔数
1
回头率
0%
综合服务分
3",舞台灯 | 沐浴球浴擦
临清市鑫和暖通制品有限公司,https://wxcn.1688.com/page/contactinfo.htm,15年,山东聊城,"近90天成交笔数
0
回头率
0%
综合服务分
3",冬季电器 | 晾衣架
深圳市优纳电子有限公司,https://shop992215120f804.1688.com/page/contactinfo.htm,1年,广东深圳,"近90天成交笔数
4
回头率
0%
综合服务分
3",车用吸尘器 | 车载电器
义乌市铂诺电子商务商行,https://shop782l206h25405.1688.com/page/contactinfo.htm,1年,浙江金华,"近90天成交笔数
4
回头率
0%
综合服务分
3",其他取暖电器 | 健腹器
义乌市德鹏电器商行,https://ywdepeng.1688.com/page/contactinfo.htm,15年,浙江金华,"近90天成交笔数
0
回头率
0%
综合服务分
3",其他取暖电器 | 其他美容仪器
烨昀（东莞）智能科技有限公司,https://dghrindustry.1688.com/page/contactinfo.htm,2年,广东东莞,"近90天成交笔数
0
回头率
0%
综合服务分
3",无叶扇 | 潜水用品 | 冬季电器
义乌市祁瑞贸易有限公司,https://shop2322m8138ip91.1688.com/page/contactinfo.htm,1年,浙江金华,"近90天成交笔数
2
回头率
0%
综合服务分
3",电火锅 | 果盘、果篮 | 冬季电器
青岛凯普沃实业发展有限公司,https://kpwarm.1688.com/page/contactinfo.htm,8年,山东青岛,"近90天成交笔数
0
回头率
0%
综合服务分
3",冬季电器
宁波萱之澜电器有限公司,https://shop87dn597845299.1688.com/page/contactinfo.htm,2年,浙江宁波,"近90天成交笔数
0
回头率
0%
综合服务分
3",夏季电器 | 冬季电器
临沂百鸣商贸有限公司,https://shop43zz817111333.1688.com/page/contactinfo.htm,1年,山东临沂,"近90天成交笔数
0
回头率
0%
综合服务分
3",热风炉 | 冬季电器
佛山市顺德区基诺德电器制造有限公司,https://jnod.1688.com/page/contactinfo.htm,12年,广东佛山,"近90天成交笔数
69
回头率
10%
厂房面积
6902m²
员工人数
101-500人",即热式热水器 | 其他取暖电器
中能华邦环保科技有限公司,https://xt8599770.1688.com/page/contactinfo.htm,17年,江苏盐城,"近90天成交笔数
61
回头率
57%
厂房面积
19000m²
员工人数
11-50人",电热器 | 工业烤箱
佛山市方川电器有限公司,https://fangcun08.1688.com/page/contactinfo.htm,13年,广东佛山,"近90天成交笔数
2
回头率
0%
厂房面积
451m²
员工人数
11-50人",电热器 | 电热片
深圳市汇奇美科技有限公司,https://huiqimei123.1688.com/page/contactinfo.htm,8年,广东深圳,"近90天成交笔数
347
回头率
28%
厂房面积
2300m²
员工人数
51-100人",迷你电风扇 | 加湿器 | 车载电器
慈溪昊德电器有限公司,https://cxhddq.1688.com/page/contactinfo.htm,6年,浙江宁波,"近90天成交笔数
15
回头率
7%
综合服务分
3",冬季电器 | 迷你电风扇
河北拓春采暖设备有限公司,https://shop3621483640h52.1688.com/page/contactinfo.htm,1年,河北衡水,"近90天成交笔数
16
回头率
0%
综合服务分
4.5",燃烧器
揭阳空港区凤美日硕电器厂,https://shop0120y169s3107.1688.com/page/contactinfo.htm,3年,广东揭阳,"近90天成交笔数
245
回头率
13%
厂房面积
1550m²
员工人数
11-50人",冬季电器 | 加湿器 | 家居清洁
深圳市柑子科技有限公司,https://shop697w1w07y5015.1688.com/page/contactinfo.htm,4年,广东深圳,"近90天成交笔数
437
回头率
35%
综合服务分
4.5",迷你电风扇 | 冬季电器
扬州团瑞电气有限公司,https://yztrdq.1688.com/page/contactinfo.htm,7年,江苏扬州,"近90天成交笔数
5
回头率
0%
综合服务分
3",电热器 | 电热片
慈溪市东月电器厂,https://dongyuedq.1688.com/page/contactinfo.htm,4年,浙江宁波,"近90天成交笔数
36
回头率
8%
综合服务分
4",电风扇 | 挂烫机 | 冬季电器
江苏安宏之睿业科技有限公司,https://anhongzhiruiye.1688.com/page/contactinfo.htm,3年,江苏盐城,"近90天成交笔数
13
回头率
8%
综合服务分
4.5",电热器 | 换热器
宁波冰火兽电器有限公司,https://shop71p359015d3p5.1688.com/page/contactinfo.htm,1年,浙江宁波,"近90天成交笔数
0
回头率
0%
综合服务分
3",冬季电器
江苏合邦机械设备有限公司,https://shop1492505705540.1688.com/page/contactinfo.htm,5年,江苏盐城,"近90天成交笔数
9
回头率
0%
综合服务分
3",电热器 | 其他电热设备 | 换热器
江苏中仁机械设备有限公司,https://ycxyxhb.1688.com/page/contactinfo.htm,6年,江苏盐城,"近90天成交笔数
15
回头率
50%
综合服务分
3",电热器 | 加热器 | 废气吸附装置
深圳市大荣华科技有限公司,https://daronghua.1688.com/page/contactinfo.htm,2年,广东深圳,"近90天成交笔数
150
回头率
22%
综合服务分
4.5",手机充电器 | 手机数据线
揭阳市榕城区德沃玛电器厂,https://dewomachina.1688.com/page/contactinfo.htm,8年,广东揭阳,"近90天成交笔数
35
回头率
44%
综合服务分
3",干衣机 | 冬季电器
河北博洛尼采暖设备有限公司,https://shop6563z0e0649n8.1688.com/page/contactinfo.htm,4年,河北衡水,"近90天成交笔数
1
回头率
0%
综合服务分
3",-
深圳市奥利尚电子科技有限公司,https://szolishangdz.1688.com/page/contactinfo.htm,1年,广东深圳,"近90天成交笔数
71
回头率
8%
综合服务分
3",迷你电风扇 | 冬季电器
佛山市南海亦科电子有限公司,https://nhyikedianzi.1688.com/page/contactinfo.htm,13年,广东佛山,"近90天成交笔数
0
回头率
0%
综合服务分
3",电阻器 | 半导体材料 | 电热器
盐城中尔瑞机械制造有限公司,https://yczerjx.1688.com/page/contactinfo.htm,5年,江苏盐城,"近90天成交笔数
0
回头率
0%
综合服务分
3",工业电炉 | 电热器
上海丽韬实业有限公司,https://shop1444799665149.1688.com/page/contactinfo.htm,6年,上海上海,"近90天成交笔数
0
回头率
0%
综合服务分
3",电热膜 | 半导体材料 | 电热器
潍坊仁达环保科技有限公司,https://shop413n275755l35.1688.com/page/contactinfo.htm,1年,山东潍坊,"近90天成交笔数
7
回头率
0%
综合服务分
3",热风炉 | 农业用具
慈溪市宗汉行芯电器厂,https://xxdianqi.1688.com/page/contactinfo.htm,4年,浙江宁波,"近90天成交笔数
35
回头率
37%
综合服务分
3",冬季电器 | 挂烫机
江苏鑫瑞特电热科技有限公司,https://shop38x10t4159201.1688.com/page/contactinfo.htm,4年,江苏盐城,"近90天成交笔数
0
回头率
0%
综合服务分
3",电热器 | 电热圈 | 加热器
